주제분류,문화시설명,주소,위도,경도
기타,경희대학교,서울특별시 동대문구 경희대로 26,37.59394914,127.054891
기타,DDP(동대문디자인플라자),서울특별시 중구 을지로 281,37.56681313,127.0096257
공연장,우란2경,서울특별시 성동구 연무장7길 11,37.54378977,127.0544169
도서관,구립은평뉴타운도서관,서울특별시 은평구 진관2로 111-51,37.6372304,126.9331183
문화예술회관,노원문화예술회관,서울특별시 노원구 중계로 181,37.65023586,127.0802693
미술관,서울시립미술관 SeMA창고,서울특별시 은평구 통일로 684,37.60933472,126.9343404
공연장,동숭무대,서울특별시 종로구 혜화로 35,37.58868966,126.9991712
박물관/기념관,한국미술박물관,서울  종로구,37.5808916,126.9890575
기타,금천예술공장,서울시 금천구 범안로15길 57,37.46891512,126.891913
도서관,송파도서관,서울특별시 송파구 동남로 263,37.49999535,127.1348515
박물관/기념관,세종대왕기념관,서울특별시 동대문구 회기로 56,37.59099289,127.0427032
문화예술회관,북촌 서울무형문화재 교육전시장,종로구 북촌로 20-13,37.5769527,126.9911313
문화원,주한독일문화원,서울특별시 용산구 소월로 132,37.55071315,126.9827115
문화원,주한영국문화원,서울특별시 중구 서소문로11길 19,37.56378783,126.9720891
도서관,고척도서관,서울특별시 구로구 고척로45길 31,37.50531999,126.8530393
기타,양천구민체육센터,서울  양천구 신정동 322-10 ),37.5165626,126.8644841
문화예술회관,강북 문화예술회관,서울  강북구,37.6408544,127.0133421
박물관/기념관,용산도시기억전시관,"한강로3가 64-1 , 용산센트럴파크 해링턴스퀘어 공공시설동 1,2층",37.52686633,126.9668797
기타,광진교 8번가,서울특별시 강동구 천호2동 527-2 광진교 8번가,37.54514626,127.1126879
박물관/기념관,서울생활사박물관,서울특별시 노원구 동일로174길 27,37.62017392,127.0769362
공연장,양천구 해누리타운 아트홀,"서울시 양천구 목동동로 85, 2충",37.51583,126.863811
도서관,강남구립못골한옥어린이도서관,서울특별시 강남구 자곡로7길 3,37.47330498,127.0997276
박물관/기념관,공평도시유적전시관,서울특별시 종로구 우정국로 26,37.57149666,126.983659
미술관,김영옥 미술관,서울특별시 종로구 창의문로10길 11,37.59387811,126.9642539
문화예술회관,양천문화재단,서울특별시 양천구 목동서로 367,37.51652093,126.86334
공연장,강동아트센터,서울  강동구 상일동 (동남로) 870,37.551449,127.157598
공연장,세종문화회관,서울 종로구 세종대로 175,37.5726241,126.9760053
공연장,은평문화예술회관,서울 은평구 녹번동 85-4 녹번동,37.6039163,126.9283646
기타,용산구립장애인복지관,서울특별시 용산구 효창원로93길 49,37.54730608,126.9615705
도서관,도봉도서관,서울특별시 도봉구 삼양로 556,37.65254746,127.0127722
기타,강북구청,서울  강북구 수유동 192-59 ),37.639748,127.025482
기타,구로구청,서울  구로구 구로동 ),37.495472,126.887536
기타,노들섬 복합문화공간,서울특별시 용산구 양녕로 445,37.51766383,126.9580365
도서관,문래정보문화도서관,서울  영등포구 문래동3가  문래로20길 49,37.5169513,126.8908871
도서관,구로구립꿈나무어린이도서관,서울  구로구 구로동로26길 54 2층,37.4895362,126.88638
미술관,갤러리 상,서울  종로구 인사동 159 길 17 (인사동),37.5723081,126.9865397
공연장,한국방송회관 코바코홀,서울특별시 양천구 목동동로 233,37.52698169,126.8713942
기타,중구평생학습센터,서울특별시 중구 예관동 120-1,37.563755,126.997541
미술관,리움미술관,서울특별시 용산구 이태원로55길 60-16,37.53846127,126.9992941
공연장,반포심산아트홀,서울특별시 서초구 사평대로 55,37.49883446,126.9912425
미술관,갤러리 인,서울  종로구 팔판동 141 ),37.5816953,126.9804329
미술관,한미사진미술관,서울특별시 송파구 위례성대로 14,37.51659259,127.1139562
기타,동대문 구민체육센터,서울특별시 동대문구 장안벚꽃로 67,37.56653099,127.0734724
도서관,관악문화관도서관,서울  관악구 신림동 209-1 ),37.4677179,126.9445375
문화예술회관,송파구체육문화회관,서울  송파구 거여동 289 ),37.4906482,127.1427868
공연장,정동극장,서울  중구 정동 8-11 길 43 (정동),37.5658626,126.9728014
공연장,종로구민회관,서울  종로구 창신동 222-8 ),37.5734077,127.0143152
도서관,구립증산정보도서관,서울특별시 은평구 증산로5길 6 (증산동 173-8) ,37.582727,126.9075589
기타,양천구청,서울  양천구 신정동 321-4 ),37.517016,126.866642
기타,북촌문화센터,서울특별시 종로구 계동길 37,37.57908788,126.9862745
공연장,신월문화체육센터,서울  양천구 신월동  지양로 37,37.5198479,126.8350363
기타,강서구시설관리공단,서울  강서구 화곡동 1103-6 ),37.5530024,126.8484762
문화예술회관,동대문문화회관,서울  동대문구 답십리동 ),37.5717914,127.0637934
박물관/기념관,한성백제박물관,서울 송파구 위례성대로 71,37.515505,127.121175
박물관/기념관,한국분재박물관,서울특별시 서초구 신흥안길 40-10,37.45313676,127.0758032
공연장,롯데월드 가든스테이지,서울특별시 송파구 올림픽로 240,37.51130961,127.0981418
공연장,예술가의집,서울특별시 종로구 동숭길 3,37.58050229,127.0032562
공연장,청아소극장(구 리듬공간소극장),서울  종로구 혜화동 195 ),37.5839997,127.0027142
미술관,가람화랑,서울특별시 종로구 인사동10길 11,37.57428279,126.9856136
미술관,간송미술관,서울  성북구 성북동  성북로 102-11,37.5936596,126.996905
기타,예지원,서울  중구 장충동2가 201-6  5-19,37.5517333,127.0024
도서관,송중문화정보센터,서울  강북구 미아동 138-11 ),37.6183421,127.030033
기타,롯데월드 아이스링크,서울특별시 송파구 올림픽로 240,37.51130961,127.0981418
문화예술회관,육영재단 어린이회관,서울특별시 광진구 광나루로 441,37.547246,127.0783044
기타,온조대왕문화체육관,서울  강동구 고덕동 296 ),37.5567379,127.1574722
기타,강남스포츠문화센터,서울  강남구 수서동 718 ),37.4891013,127.10525
기타,용산구문화체육센터,서울특별시 용산구 백범로 350,37.53724193,126.9676278
기타,서울연극센터,서울 종로구 창경궁로 253-1 2층,37.5833444,127.0013025
도서관,성동구립도서관,서울  성동구 행당동 142-4 ),37.5592667,127.0349875
기타,동대문구민회관,서울  동대문구 장안동 354-5 ),37.5672385,127.0733795
도서관,서울특별시교육청 종로도서관,서울특별시 종로구 사직로9길 5,37.57630701,126.9686207
문화예술회관,마포아트센터,서울 마포구 대흥로20길 28 마포아트센터,37.54990609,126.9455338
미술관,국립현대미술관,"서울  중구 정동  세종대로 99, 덕수궁미술관",37.5658456,126.9737396
기타,대진체육관,서울  강남구 개포동 13-1 ),37.496068,127.0787594
공연장,노원어린이극장,서울특별시 노원구 노해로 502 지하1층,37.65445005,127.0636923
문화원,강북청소년문화정보도서관,서울  강북구 미아동   (삼양로54길 68),37.6231131,127.0216031
미술관,국립현대미술관 서울,서울특별시 종로구 삼청로 30,37.57862803,126.980088
문화원,종로문화원,서울특별시 종로구 율곡로5 (사간동 122-4),37.5761054,126.9803283
도서관,서울특별시교육청 어린이도서관,서울특별시 종로구 사직로9길 7,37.57628582,126.9682319
도서관,자양4동도서관, 서울특별시 광진구 뚝섬로26길 58 (자양동),37.5340938,127.066226
기타,동대문구청,서울  동대문구 용두동 39-9 ),37.574524,127.03965
기타,서울문화재단,서울시 동대문구 청계천로 517,37.571509,127.0337136
공연장,LG아트센터 서울,서울특별시 강서구 마곡중앙로 136,37.56536299,126.8293888
기타,올림픽기념국민생활관,서울  종로구 혜화동  성균관로 91,37.5904911,126.9988244
도서관,광진정보도서관,서울특별시 광진구 아차산로78길 90 (광장동),37.5507093,127.1103315
공연장,포스트극장,서울특별시 마포구 와우산로 148,37.5541249,126.9296484
미술관,서울시립 남서울미술관,서울특별시 관악구 남부순환로 2076,37.47605354,126.9794659
공연장,문화정원아트홀,서울특별시 금천구 가산로 61,37.4718013,126.896009
기타,시민청,"서울  중구 세종대로110 B1, B2",37.566635,126.978675
공연장,성수아트홀,서울  성동구 성수동1가   656-323,37.54541449,127.0469742
기타,동작구청,서울  동작구 노량진동 47-2 ),37.51245,126.9395
기타,강남문화재단,"서울특별시 강남구 선릉로 668, 5층",37.51631968,127.0423148
문화예술회관,관천로 문화플랫폼 S1472,서울특별시 관악구 관천로 53,37.4841128,126.9257749
기타,서울풍물시장 전통문화체험관,서울특별시 동대문구 천호대로4길 21,37.57271319,127.0255029
도서관,한국사회과학도서관,서울특별시 종로구 인왕산로1길 25,37.57346325,126.9643571
공연장,우리금융아트홀,서울특별시 송파구 올림픽로 424,37.5203397,127.1155179
도서관,동작도서관,"서울 동작구 장승배기로 94 (노량진동, 동작도서관)",37.5059908,126.9401667
도서관,서대문도서관,서울특별시 서대문구 모래내로 412,37.58331862,126.940858
공연장,민속극장풍류,서울 강남구 봉은사로 406 서울중요무형문화재전수회관,37.50991,127.044364
공연장,한국의 집 민속극장,서울  중구 필동2가 80-2 ),37.5603974,126.9946116
문화원,영등포문화원,서울특별시 영등포구 신길로 275,37.51612662,126.9121264
기타,흑석체육센터,서울  동작구 흑석동  현충로 73,37.5099926,126.9633745
문화예술회관,사당문화회관,서울  동작구 사당동 248-6 ),37.4846843,126.9695831
박물관/기념관,건국대학교 박물관,서울특별시 광진구 능동로 120,37.53918267,127.0747119
공연장,서초구민체육센터,서울  서초구 반포동 114-3 ),37.498792,126.9905045
기타,송파구청,서울  송파구 신천동 29-5 ),37.514516,127.106244
도서관,송파구립거마도서정보센터,서울  송파구,37.4935731,127.1468821
공연장,서초문화예술회관 (구 서초구민회관),서울특별시 서초구 강남대로 201,37.48170939,127.0358612
박물관/기념관,연세대학교 김대중도서관,서울특별시 마포구 신촌로4길 5-26,37.55698238,126.92959
도서관,서울특별시교육청 남산도서관,서울특별시 용산구 소월로 109,37.55255642,126.9821581
박물관/기념관,최순우 옛집,서울특별시 성북구 성북로15길 9,37.59297685,127.0003499
기타,서서울예술교육센터,서울특별시 양천구 남부순환로64길 2,37.52821978,126.8321453
기타,국립국어원 우리말 꿈터,서울특별시 강서구 금낭화로 154,37.57915505,126.8138354
미술관,학고재,서울특별시 종로구 삼청로 50,37.58046546,126.9803168
기타,남산골한옥마을,서울시 중구 퇴계로 34길 28,37.5591447,126.9936826
공연장,코엑스 오디토리움,서울 강남구 봉은사로 524 코엑스인터콘티넨탈서울,37.5125518,127.0587767
기타,금천구시설관리공단,서울  금천구 시흥동 985-26 ),37.445777,126.902654
박물관/기념관,국립고궁박물관,서울 종로구 효자로 12 국립고궁박물관,37.57659162,126.9749748
공연장,떡? 부엌살림 박물관,서울  종로구 와룡동 164-2 ),37.574973,126.990676
문화원,관악문화원,서울특별시 관악구 신림로3길 35,37.46755336,126.9449624
기타,강남구민체육관,서울  강남구 개포동 1271 ),37.477132,127.0518293
도서관,강동구립해공도서관,서울  강동구 천호동 360 ),37.5439721,127.1255997
도서관,마포중앙도서관,서울특별시 마포구 성산로 128,37.56379544,126.9082019
박물관/기념관,허준박물관,서울특별시 강서구 허준로 87,37.56787245,126.8510312
공연장,서울강서문화원,서울특별시 강서구 화곡로 215,37.5446931,126.843755
도서관,아리향기작은도서관,서울  강서구 염창동 53-1  2층 아리향기작은도서관,37.55373624,126.8709853
공연장,세실아트홀,서울  강남구 신사동 616-7,37.52815277,127.0318444
도서관,도봉기적의도서관,서울시 도봉구 마들로 797,37.6812003,127.0502366
문화예술회관,개포디지털혁신파크 열림관,서울  강남구 개포동 153-153  개포디지털혁신파크 열림관,37.4882029,127.0629127
기타,누하동 259,서울특별시 종로구 필운대로 27-4,37.57850118,126.968896
도서관,소나무언덕3호도서관,서울특별시 송파구 성내천로 319,37.49233334,127.1566463
기타,해공체육문화센터,서울  강동구 천호동 399-1 ),37.5421167,127.129725
도서관,은평구립도서관,서울특별시 은평구 통일로78가길 13-84(불광동),37.6190451,126.9283998
문화원,프랑스문화원,서울  중구 봉래동1가 10 ),37.5595936,126.9737305
미술관,노화랑,서울특별시 종로구 인사동길 54,37.57486032,126.9840857
기타,구로구민체육센터,서울  구로구 고척동 ),37.5066167,126.8533046
문화예술회관,구로아트밸리예술극장,서울  구로구 구로동 101 ),37.4966724,126.888881
기타,금천구청,서울  금천구 시흥동 ),37.4570784,126.8957012
기타,관악구민종합체육센터,서울  관악구,37.4730143,126.9601883
기타,강남구청,서울  강남구 삼성동 16-1 ),37.517305,127.047502
도서관,개포도서관,서울  강남구 개포동  선릉로4길 30,37.4829604,127.063769
박물관/기념관,은평역사한옥박물관,서울 은평구 연서로50길 8,37.64040095,126.9380555
공연장,CGV 명동,"서울  중구 명동2가  명동길 14, 눈스퀘어 8층",37.5633303,126.9826431
기타,금빛휘트니스센터,서울  금천구 시흥동  금하로 668,37.4528929,126.90425
미술관,로댕갤러리,서울  중구,37.5614574,126.9751773
미술관,아르코미술관,서울특별시 종로구 동숭길 3,37.58050229,127.0032562
문화원,잠실종합운동장,서울  송파구 잠실동 10 ),37.5148022,127.0736261
미술관,소호 아트 갤러리,"서울  종로구 필운동 90-1 , 소호빌리지)",37.5778578,126.9692651
문화원,도봉문화원,서울특별시 도봉구 도봉로 552,37.65419928,127.0388705
공연장,서울애니시네마,서울  중구 예장동 8-145 ),37.5588,126.9877125
공연장,남산예술센터드라마센터(구 동랑예술센터),서울  중구 예장동 8-19 ),37.5586795,126.9882338
공연장,KBS홀,서울특별시 영등포구 여의공원로 13,37.52596989,126.9167168
기타,강동구청,서울특별시 강동구 성내로 25(성내동),37.530126,127.1237708
도서관,강동구립성내도서관,서울  강동구 성내동 385 ),37.5328592,127.1333198
도서관,아리랑정보도서관,서울  성북구 돈암동  아리랑로 82,37.5998987,127.013975
도서관,노원정보도서관,서울  노원구 상계동 686 ),37.661111,127.0650744
도서관,LG상남도서관,서울  종로구 원서동  창덕궁 1길 18,37.5797353,126.98848
박물관/기념관,한상수자수박물관,서울특별시 성북구 성북로16길 4-10,37.59361394,127.0009336
기타,녹사평 용산공원 플랫폼,서울특별시 용산구 녹사평대로 지하 195,37.53483142,126.9870285
기타,서울식물원,서울시 강서구 마곡동로 161,37.56936909,126.8352343
기타,내곡느티나무쉼터,서울특별시 서초구 염곡말길 9,37.46182487,127.0506972
문화예술회관,강동구민회관,서울특별시 강동구 상암로 168,37.5458583,127.1411875
공연장,도봉구민회관,서울  도봉구 창동 303 ),37.6541068,127.0384528
도서관,월계문화정보도서관,서울  노원구 월계동  월계로 319,37.6286376,127.0561463
문화예술회관,성북여성회관,서울  성북구 돈암동 606-258   ),37.59582164,127.0079853
기타,재미랑,서울  중구 남산동2가,37.55825685,126.986215
미술관,코엑스전시장,"서울특별시 강남구 영동대로 513 (삼성동, 코엑스) 06164",37.5103947,127.0611127
미술관,한국공예문화진흥원,서울특별시 종로구 율곡로 53,37.57660036,126.9851275
도서관,서울특별시교육청 용산도서관,서울특별시 용산구 두텁바위로 160,37.5520064,126.9801413
미술관,세컨드에비뉴 갤러리,서울특별시 중구 필동로8길 22,37.55513289,126.9949117
박물관/기념관,국립한글박물관,서울특별시 용산구 서빙고로 139,37.5210688,126.9804863
박물관/기념관,목인박물관 목석원,서울특별시 종로구 창의문로5길 46-1,37.58902191,126.9632892
기타,이문체육문화센터,서울  동대문구 이문동 189  ),37.6022699,127.068762
도서관,대림정보문화도서관,서울  영등포구 대림동   도신로27길 9,37.5042667,126.89605
미술관,애니살롱(재미랑5호),서울  중구 남산동2가 26-5  3층,37.55813432,126.9862829
미술관,유리지공예관,서울특별시 서초구 중앙로 555,37.45775784,127.0123542
도서관,강북솔샘문화정보센터,서울  강북구 미아동 1354-4 ),37.6205185,127.0124524
공연장,상명아트센터,서울특별시 종로구 홍지문2길 20,37.60410891,126.9551595
기타,뚝섬전망문화콤플렉스,서울  광진구 자양동 97-5,37.53052501,127.0650304
기타,동대문구체육관,서울  동대문구 답십리동 2-294 ),37.5724191,127.0639379
공연장,중랑문화체육관,서울  중랑구 면목동 ),37.5792934,127.0957856
기타,개운산스포츠센터,서울  성북구,37.5967823,127.0261534
기타,운현궁,서울  종로구 삼일대로 464,37.576125,126.98705
문화원,창동스포츠문화컴플렉스,서울  도봉구,37.6582937,127.0508618
문화원,양천문화원,서울특별시 양천구 목동남로 106,37.51076244,126.8702069
공연장,강서구 문화관광,서울  강서구 화곡동 980-16 ),37.550937,126.849642
미술관,스튜디오 콘크리트,서울특별시 용산구 한남대로 162,37.54245141,127.0025167
기타,중구청소년수련관,서울특별시 중구 동호로5길 19,37.5518563,127.0125662
기타,중구여성플라자,"서울특별시 중구 다산로32길 5, 3층",37.56127687,127.0148314
공연장,강북문화예술회관,서울  강북구 수유동 360-10  ),37.6408544,127.0133421
문화예술회관,관악문화관,서울  관악구 신림동 151-858  ),37.4679596,126.94475
문화예술회관,용산아트홀,서울  용산구 이태원동 ),37.532831,126.9896162
문화예술회관,영등포아트홀,서울 영등포구 국회대로596 영등포구민회관,37.5262451,126.9001286
문화예술회관,강남구민회관,서울  강남구 대치동 509-2    ),37.4938226,127.0642688
도서관,수유문화정보센터,서울  강북구 수유동 605-412 ),37.630129,127.017543
도서관,국회도서관,서울특별시 영등포구 의사당대로 1,37.53291197,126.9164039
미술관,겸재정선미술관,서울특별시 강서구 양천로47길 36,37.57222297,126.838412
기타,영등포구청,서울  영등포구 당산동3가 385-1 ),37.526436,126.896004
기타,중랑구민체육센터,서울  중랑구,37.6151321,127.0874625
도서관,성북정보도서관,서울  성북구 상월곡동 24-348 ),37.6048486,127.0504258
기타,강북웰빙스포츠센터,서울  강북구 번동 318 ),37.6304749,127.0378273
미술관,갤러리 라메르,"서울  종로구 인사동 194 5길 26, 홍익빌딩 (관훈동)",37.5725264,126.9849468
도서관,서초구립반포도서관,서울특별시 서초구 고무래로 34,37.50248707,127.0125134
미술관,셀린박 갤러리,서울특별시 강남구 압구정로32길 30,37.52579008,127.029757
도서관,배봉산 숲속 도서관,서울특별시 동대문구 전농로16길 97,37.57844311,127.0627351
기타,문화공간 이육사,서울특별시 성북구 종암로21가길 36-1,37.59813809,127.0326016
미술관,갤러리 가이아,서울특별시 종로구 인사동길 57-1,37.5750744,126.9834564
문화예술회관,서대문문화체육회관,서울특별시 서대문구 백련사길 39,37.58075973,126.9315574
박물관/기념관,종이나라박물관,서울  중구 장충동1가 62-35,37.5596237,127.0039674
미술관,서울시립 난지미술창작스튜디오,서울특별시 마포구 하늘공원로 108-1,37.56931804,126.8785119
기타,서초여성가족플라자,서울특별시 서초구 잠원로8길 38,37.51355119,127.0121064
공연장,연강홀,서울  종로구 연지동 270 ),37.5717079,127.0011948
도서관,금천구립정보도서관,서울  금천구,37.4734953,126.8921364
공연장,명동난타극장,서울  중구 명동길 26,37.563411,126.9837813
박물관/기념관,뮤지엄김치간,서울 종로구 인사동길 35-4 인사동마루 본관 4~6층,37.5129437,127.0571142
공연장,한전아트센터,서울특별시 서초구 효령로72길 60,37.48560466,127.0280788
문화예술회관,아트온더무브,서울특별시 영등포구 양산로 지하 200,37.52273452,126.9049592
공연장,문화일보홀,서울  중구 충정로1가 68 ),37.5671515,126.9685599
기타,세빛섬,서울특별시 서초구 올림픽대로 2085-14,37.5124362,126.9959623
기타,문학의집서울,서울특별시 중구 퇴계로26길 65,37.55808417,126.9892391
박물관/기념관,서울상상나라,서울  광진구 능동로 216,37.55055,127.077569
도서관,강동구립암사도서관,서울  강동구 암사동 471-37 ),37.5528446,127.1333498
공연장,광진구민체육센터,서울  광진구 구천면로 14,37.5459907,127.106919
도서관,도봉문화정보도서관,서울특별시 도봉구 덕릉로 315,37.6446038,127.043887
박물관/기념관,서대문자연사박물관,서울특별시 서대문구 연희로32길 51,37.57675199,126.9378582
박물관/기념관,경기여고 경운박물관,서울 강남구 삼성로 29 경기여고 100주년기념관 1층,37.4878684,127.0660782
기타,중랑구체육회,서울특별시 중랑구 동일로 619,37.5857545,127.0794754
기타,SETEC전시장(서울무역전시장),서울특별시 강남구 남부순환로 3104,37.4956774,127.0719118
공연장,세종대학교 대양홀,서울특별시 광진구 능동로 209,37.55160931,127.0731836
미술관,국제갤러리,서울특별시 종로구 삼청로 54,37.58072067,126.9805739
미술관,김영섭사진화랑,서울특별시 강남구 강남대로152길 13,37.51737884,127.0205016
기타,평화문화진지,서울특별시 도봉구 마들로 932,37.69080863,127.0472154
미술관,디뮤지엄,서울특별시 성동구 왕십리로 83-21,37.54415475,127.0433578
공연장,허리우드 스카이쇼 공연장,서울특별시 중구 정동길 3,37.56817327,126.9699761
미술관,아웃사이트(out_sight),서울특별시 종로구 창경궁로35가길 12,37.58725869,127.0013681
기타,서울무용센터,서울 서대문구 명지2길 14,37.58305984,126.9278729
기타,성북문화재단,서울특별시 성북구 아리랑로12길 4,37.59915583,127.0147745
미술관,사비나미술관,서울특별시 은평구 진관1로 93,37.63012857,126.9292757
기타,잠실창작스튜디오,서울 송파구 올림픽로25 종합운동장 내,37.51647913,127.0729996
문화원,이마트은평점,서울특별시 은평구 은평로 111,37.60035755,126.920192
공연장,롯데콘서트홀,서울특별시 송파구 올림픽로 300,37.51375196,127.1044469
공연장,용산꿈나무종합타운,,37.5386613,126.965508
기타,서교예술실험센터,서울특별시 마포구 잔다리로6길 33,37.55246841,126.9209402
미술관,인사아트센터,서울특별시 종로구 인사동길 41,37.57395229,126.9847624
미술관,갤러리 도올,서울  종로구 팔판동 27-6 ),37.583204,126.981671
미술관,아트선재센터,서울 종로구 율곡로3길 87 아트선재센터,37.57946353,126.9818392
기타,강서지역정보센터,서울  강서구 등촌동 705-4 ),37.5589789,126.847881
기타,노원구청,서울  노원구 상계동 701-1 ),37.654358,127.056473
도서관,노원어린이도서관,서울  노원구 중계동 356 ),37.6582022,127.0766623
기타,동대문구청 아트갤러리,서울  동대문구 용두동 39-9 ),37.574524,127.03965
문화예술회관,유니버설아트센터,서울특별시 광진구 천호대로 664,37.5509798,127.0870952
도서관,강서구립도서관,서울  강서구,37.5478818,126.8599269
공연장,손기정문화체육센터,서울  중구 만리동2가    손기정로 101,37.5555802,126.9649505
문화원,마포문화원,서울특별시 마포구 백범로 227,37.54223042,126.9554912
공연장,국립극단 소극장 판,서울특별시 용산구 청파로 373,37.55314654,126.9682794
미술관,서울시립 북서울미술관,서울특별시 노원구 동일로 1238,37.64066045,127.0668656
기타,용산구 갈월종합사회복지관,서울특별시 용산구 두텁바위로 25,37.54577435,126.9748244
공연장,광림아트센터 장천홀,서울특별시 강남구 압구정로22길 21,37.52424476,127.0267842
도서관,서초구립내곡도서관,서울특별시 서초구 청계산로7길 9-20,37.45200217,127.0544427
도서관,내를 건너서 숲으로 도서관,서울시 은평구 증산로 17길 50 내를건너서숲으로도서관,37.591913,126.908152
박물관/기념관,한양도성박물관,서울특별시 종로구 율곡로 283,37.57285709,127.0085126
공연장,동자아트홀,서울특별시 용산구 한강대로 372,37.55167943,126.9729051
기타,은평구청소년문화의집 신나는애프터센터,"서울특별시 은평구 연서로6길 7 (역촌동, 은평구청소년문화의집)",37.6043735,126.9166272
기타,중랑구민회관,서울  중랑구,37.5738058,127.0850044
박물관/기념관,평강성서유물박물관,서울특별시 구로구 오류로8라길 44,37.49195522,126.8440613
미술관,포스코미술관,서울시 강남구 테헤란로 440 포스코센터 지하 1층 포스코미술관,37.5057694,127.0558879
미술관,필갤러리(Fill Gallery),서울특별시 용산구 유엔빌리지길 24,37.5335833,127.0097801
공연장,서울남산국악당,서울  중구 필동2가 84-1,37.55842868,126.9937073
도서관,구로구립개봉도서관,서울특별시 구로구 개봉로16길 30-11,37.48899216,126.8588934
공연장,일신홀,서울특별시 용산구 한남대로 98,37.53716704,127.0055166
공연장,더줌아트센터,서울특별시 용산구 독서당로 111,37.53612286,127.0073076
공연장,구로 꿈나무극장,서울특별시 구로구 구로동로26길 54 4층(구로동),37.48956474,126.8864738
도서관,서울도서관,서울특별시 중구 세종대로 110,37.56631742,126.9778292
기타,용산공예관,서울특별시 용산구 이태원로 274,37.53902726,127.0020755
도서관,강남구립대치도서관,서울특별시 강남구 삼성로 212,37.49961649,127.0659173
기타,서울특별시여성능력개발원,서울특별시 마포구 마포대로 89,37.54323634,126.9497819
공연장,명동예술극장,서울특별시 중구 명동길 35,37.56397613,126.9842173
도서관,금천구립가산도서관,서울특별시 금천구 가산로5길 43,37.47349155,126.8921298
미술관,가나아트센터,서울  종로구 평창동  평창30길 28,37.6121853,126.9750798
공연장,KT&G상상마당 대치,"서울  강남구 대치동  영동대로 416, 코스모타워 3층",37.5069075,127.0650936
미술관,KT&G 상상마당 갤러리,서울특별시 마포구 어울마당로 65,37.5509577,126.921063
공연장,KT체임버홀,서울시 양천구 목동서로 201,37.52945987,126.8711177
미술관,킵인터치,서울특별시 종로구 북촌로1길 13,37.57731339,126.9849464
기타,상촌재,서울특별시 종로구 자하문로17길 12-11,37.5818557,126.9696776
도서관,구로구립 글마루한옥어린이도서관,서울특별시 구로구 고척로27바길 7,37.50691506,126.8456366
기타,우리은행 본점,서울특별시 중구 소공로 51,37.55943835,126.981751
기타,서울책보고,서울특별시 송파구 신천동 14,37.5223926,127.102983
기타,유담헌,서울특별시 종로구 북촌로 76,37.5835776,126.9853994
도서관,용산 백합어린이도서관,서울특별시 용산구 후암로15길 19-22,37.54872075,126.9768001
기타,성동문화재단,서울특별시 성동구 고산자로10길 9,37.55917988,127.0349607
도서관,용산구 효창사랑 작은도서관,서울특별시 용산구 효창원로 160,37.54229828,126.962833
도서관,금천구립독산도서관,서울특별시 금천구 독산로54길 114,37.46758019,126.9081059
기타,서울생각마루,자양동 97-5,37.53100839,127.0642253
도서관,서울휴먼라이브러리,서울특별시 동대문구 서울시립대로 163 서울시립대학교,37.58388985,127.058782
미술관,동덕아트갤러리,서울특별시 종로구 우정국로 68,37.57493292,126.9833159
미술관,동호갤러리,서울특별시 종로구 인사동7길 12,37.57306784,126.9852192
문화원,국기원,서울 강남구 테헤란로7길 32,37.5019899,127.03031
미술관,토포하우스,서울특별시 종로구 인사동11길 6,37.57409513,126.9843245
문화예술회관,아트하우스 모모,서울특별시 서대문구 이화여대길 52,37.56446452,126.9502888
공연장,폼텍웍스홀,서울특별시 마포구 잔다리로3길 34,37.5506957,126.9179163
박물관/기념관,서울함 공원,서울특별시 마포구 마포나루길 407,37.55578806,126.8939537
도서관,강남구립역삼도서관,서울특별시 강남구 역삼로7길 16,37.49537384,127.0332825
미술관,코리아나미술관,서울특별시 강남구 언주로 827,37.52406916,127.032811
공연장,여의도한강공원물빛무대,서울 영등포구 여의도동 84-1,37.53287894,126.9291297
박물관/기념관,서울하수도과학관,서울 성동구 용답동 250-7,37.5570865,127.0580683
기타,사각사각 플레이스,서울특별시 송파구 한가람로 65,37.51762763,127.0867365
도서관,강동구립천호도서관,서울특별시 강동구 성안로31마길 1,37.54052196,127.1340837
기타,용산구 남영동 자치회관,서울특별시 용산구 두텁바위로 25,37.54577435,126.9748244
기타,용산구 원효로1동 자치회관,서울특별시 용산구 백범로 350,37.53724193,126.9676267
기타,용산구 원효로2동 자치회관,서울특별시 용산구 효창원로8길 3,37.53435322,126.9515483
기타,용산구 효창동 자치회관,서울특별시 용산구 효창원로 161,37.54250925,126.96184
공연장,홍익대 대학로 아트센터,서울특별시 종로구 대학로 57,37.57655858,127.00145
미술관,공갤러리,서울  종로구 인사동 23-2 2-2 (인사동),37.5727833,126.9865375
박물관/기념관,농업박물관,서울  중구 충정로1가 100-707 ),37.5668447,126.9683226
문화원,장충체육관,서울  중구 장충동2가 220-102,37.5581865,127.00679
박물관/기념관,동국대학교 박물관,서울  중구 필동3가 26,37.5582533,127.0023443
박물관/기념관,몽촌역사관,서울 송파구 올림픽로 424,37.5238852,127.1243709
미술관,갤러리 JJ,서울특별시 강남구 논현로 745,37.5183075,127.0283879
도서관,동대문구 답십리도서관,서울특별시 동대문구 서울시립대로4길 75,37.57319264,127.0503605
문화원,노원문화원,서울특별시 노원구 동일로197길 24,37.62879899,127.0698009
기타,이건하우스,서울특별시 마포구 동교로 161,37.55596416,126.9197039
기타,중랑평생학습관,서울특별시 중랑구 망우로67길 10,37.60056074,127.1014872
기타,간송미술문화재단,서울특별시 중구 을지로 281,37.56741128,127.010889
도서관,구로구립개봉어린이도서관,"서울특별시 구로구 경인로 318-15 2, 3층",37.49674308,126.855912
도서관,동대문구 정보화도서관,서울특별시 동대문구 회기로10길 60,37.58996951,127.0472897
미술관,OCI미술관,서울특별시 종로구 우정국로 45-14,37.57323951,126.9821283
박물관/기념관,쉼박물관,서울  종로구 홍지동 36-20 ),37.59949,126.955663
박물관/기념관,서울올림픽기념관,서울특별시 송파구 올림픽로 424,37.5203397,127.1155179
박물관/기념관,이화여자대학교 박물관,서울특별시 서대문구 이화여대길 52,37.56446452,126.9502888
박물관/기념관,한국금융사박물관,서울  중구 태평로1가 62-12 ),37.5686681,126.9764215
미술관,성북구립 최만린미술관,서울특별시 성북구 솔샘로7길 23,37.61065934,127.0042902
공연장,아이러브아트센터,서울특별시 강남구 압구정로32길 30,37.52579008,127.029757
도서관,구립상림도서관,서울특별시 은평구 진관4로 48-25,37.64421599,126.9289424
도서관,강남구립청담도서관,서울특별시 강남구 압구정로79길 26  청담동주민센터  7층,37.52509058,127.0492919
도서관,금천구립시흥도서관,서울특별시 금천구 금하로 764,37.44963195,126.9146119
기타,서울자유시민대학,1-1 서울자유시민대학,37.570787,126.966338
도서관,성동구립용답도서관,서울특별시 성동구 용답동 용답중앙3길 10,37.566684,127.051297
도서관,강남구립논현도서관,서울특별시 강남구 학동로43길 17,37.51727791,127.0371879
도서관,강남구립즐거운도서관,서울특별시 강남구 도곡로77길 23,37.49972884,127.0578474
기타,서울문화예술철도 영등포시장역(아트온더무브),서울특별시 영등포구 양산로 지하 200,37.52273452,126.9049592
박물관/기념관,서울금성당 샤머니즘박물관,서울특별시 은평구 진관2로 57-23,37.63513448,126.9253782
문화예술회관,용산공예관,서울특별시 용산구 이태원로 274,37.53902726,127.0020755
도서관,금천구립도서관,서울  금천구 독산동 375-2 ),37.4675724,126.9080685
도서관,동대문도서관,서울특별시 동대문구 천호대로4길 22,37.57385655,127.0241852
기타,서울로 7017,서울특별시 중구 만리동1가 1,37.55490866,126.9674335
공연장,오유아트홀,서울특별시 강남구 남부순환로378길 34-9,37.48369956,127.0464155
도서관,아름꿈도서관,서울특별시 종로구 종로58가길 19(숭인동),37.57269758,127.0171158
미술관,갤러리 비선재,서울특별시 용산구 유엔빌리지3길 54-14,37.53576326,127.0142785
기타,용산구 한강로동 자치회관,서울특별시 용산구 한강대로30길 21,37.52743913,126.9679658
공연장,강남구립행복한도서관,서울특별시 강남구 영동대로65길 24,37.50230604,127.0641871
도서관,강남구립역삼푸른솔도서관,서울특별시 강남구 테헤란로8길 36,37.49649864,127.03203
도서관,강남구립못골도서관,서울특별시 강남구 자곡로 116,37.47153801,127.0965826
기타,숭인제1동 자치회관,서울시 종로구 종로65길 10,37.57519472,127.0197653
도서관,금천구립금나래도서관,서울특별시 금천구 시흥대로73길 70,37.45706565,126.8960369
미술관,서리풀청년아트갤러리,"서울특별시 서초구 남부순환로323길 1, 에술의전당 앞 지하보도",37.48113823,127.013504
기타,현대카드 스토리지,서울특별시 용산구 이태원로 248,37.53681055,127.0008661
도서관,용산구립청파도서관,서울특별시 용산구 청파로93길 27,37.55392482,126.9676059
기타,SETEC전시장,서울  강남구 대치동 514,37.49578919,127.0717943
공연장,국립극단 백성희장민호극장,서울특별시 용산구 청파로 373,37.55314654,126.9682794
박물관/기념관,한국가구박물관,서울특별시 성북구 대사관로 121,37.60037831,126.9934492
공연장,팝콘D스퀘어,서울특별시 용산구 한강대로23길 55,37.5297718,126.9647415
공연장,대원 콘텐츠 라이브,서울특별시 용산구 한강대로23길 55,37.5297718,126.9647415
도서관,월곡꿈그림도서관,서울특별시 성북구 화랑로13길 17 월곡꿈그림도서관,37.6041693,127.0420713
박물관/기념관,한양대학교 박물관,서울특별시 성동구 왕십리로 222,37.55450355,127.0466112
도서관,우리소리도서관,서울특별시 종로구 삼일대로30길 47,37.57448239,126.9902329
공연장,예스24 라이브홀,서울특별시 광진구 구천면로 20,37.54572677,127.1079679
미술관,BHAK,서울특별시 용산구 한남대로40길 19,37.54288685,127.0032009
박물관/기념관,전쟁기념관,서울특별시 용산구 이태원로 29,37.53731405,126.9784661
박물관/기념관,덕성여자대학교 박물관,서울특별시 도봉구 삼양로144길 33,37.65247041,127.0158349
박물관/기념관,도산안창호 기념관,서울 강남구 도산대로 45길 20 도산안창호기념관,37.5239978,127.0356302
박물관/기념관,김희수아트센터,서울특별시 동대문구 홍릉로 118,37.59051371,127.0430477
기타,국립박물관문화재단,서울특별시 용산구 서빙고로 137,37.52470224,126.9777402
도서관,용산 고래이야기 작은도서관,서울특별시 용산구 효창원로 157,37.54190885,126.9616452
공연장,수색동 주민센터(다목적실),서울 은평구 수색로 280 (수색동) 수색동 자치회관,37.58416548,126.897566
공연장,서울특별시 청년허브,서울특별시 은평구 통일로 684,37.60940705,126.9349539
기타,중랑마을지원센터,망우로 55길 19 2층,37.59894587,127.0931053
미술관,서울시립미술관 서소문본관,서울특별시 중구 덕수궁길 61,37.56410607,126.9736993
박물관/기념관,경찰박물관,서울  종로구 신문로2가 58 ),37.5690096,126.9696222
박물관/기념관,국립민속박물관,서울특별시 종로구 삼청로 37,37.58167453,126.97889
박물관/기념관,한국은행 화폐금융박물관,서울  중구 남대문로3가 110 ),37.5620607,126.9805213
기타,노원구민체육센터,서울  노원구 중계동 507-3 ),37.6481321,127.070725
박물관/기념관,코리아나 화장박물관,강남구 언주로 827,37.52450168,127.0326936
공연장,롯데월드 시네마,서울특별시 송파구 올림픽로 300,37.51375196,127.1044469
기타,윤동주문학관,서울특별시 종로구 창의문로 119(청운동),37.5920259,126.9669236
도서관,구로구립 온누리도서관,구로중앙로27나길 9 (구로동 443번지) 온누리관 4층,37.49689123,126.8859561
도서관,세곡도서관,서울 강남구 밤고개로 286 세곡문화센터 2층 세곡도서관,37.46857738,127.106938
기타,서울시창작공간,서울 동대문구 청계천로 517,37.571509,127.0337136
도서관,도봉문화재단 쌍문채움도서관,서울특별시 도봉구 우이천로 340,37.64704212,127.0262302
도서관,국립어린이청소년 도서관,서울특별시 강남구 테헤란로7길 21,37.50090193,127.0296765
박물관/기념관,한국천주교순교자박물관,서울특별시 마포구 토정로 6,37.54413544,126.9117936
기타,장안평 자동차산업 종합정보센터,서울특별시 성동구 자동차시장1길 64,37.56032466,127.064517
기타,관악청소년센터,서울특별시 관악구 신림로23길 17,37.4702439,126.9352433
기타,관악구청,서울특별시 관악구 관악로 145,37.47820977,126.9515032
문화원,서초문화원,서울특별시 서초구 강남대로 201 서초문화예술회관 2층 서초문화원,37.4818291,127.0359583
박물관/기념관,안중근의사기념관,서울  중구 남대문로5가 471 ),37.5534654,126.9803691
박물관/기념관,서울교육사료관,서울  종로구 화동 2 ),37.579777,126.9832525
공연장,건국대학교 새천년대공연장,서울특별시 광진구 능동로 120,37.53918267,127.0747119
도서관,양천도서관,서울특별시 양천구 목동서로 113,37.5335602,126.8762308
문화원,몽골 울란바타르 문화진흥원,서울특별시 광진구 광장로 1,37.54554942,127.0982047
미술관,디지털 파빌리온,서울특별시 마포구 월드컵북로 396,37.57942834,126.889783
박물관/기념관,서울역사박물관,서울  종로구 새문안로 55,37.5701434,126.9704375
문화예술회관,돈화문 서울무형문화재교육전시장,서울특별시 종로구 율곡로 10길 13,37.57693514,126.9911045
문화원,구립마포청소년문화의집,서울시 마포구 상암산로 1길 67 마포청소년문화의집,37.5804167,126.884
기타,용산 꿈나무 종합타운,서울특별시 용산구 백범로 329,37.53890263,126.9650145
기타,세운협업지원센터,서울특별시 종로구 청계천로 159,37.56928143,126.9952397
문화예술회관,서울생활문화센터 서교,서울특별시 마포구 양화로 72 효성해링턴타워 지하1층-지하2층,37.55080217,126.9167159
기타,한강공원,서울특별시 성동구 강변북로 257,37.53893287,127.0417291
기타,서울시립과학관,서울특별시 노원구 한글비석로 160,37.64199411,127.0774371
미술관,구슬모아당구장,서울특별시 용산구 독서당로 85,37.53465828,127.0098071
박물관/기념관,서울한방진흥센터 서울약령시한의약박물관,서울특별시 동대문구 약령중앙로 26,37.58059996,127.0375862
미술관,스페이스 신선,서울특별시 용산구 이태원로 256,37.53736772,127.0012746
미술관,갤러리비케이 이태원,서울특별시 용산구 이태원로42길 56,37.53695713,127.0012964
도서관,구립구산동도서관마을,서울특별시 은평구 연서로13길 29-23,37.60951019,126.9130879
미술관,국립현대미술관 덕수궁관,서울시 중구 세종대로 99(정동) 덕수궁 내,37.56616914,126.9739845
공연장,신도림 오페라하우스,서울시 구로구 구로동 3-39,37.5079891,126.8909248
미술관,갤러리현대,서울 종로구 삼청로 14 갤러리현대,37.57730568,126.9798233
박물관/기념관,서강대학교 박물관,서울특별시 마포구 백범로 35,37.55146931,126.943025
공연장,롯데시네마 노원,서울특별시 노원구 동일로 1414,37.65527873,127.0613917
공연장,상봉시네마,서울  중랑구 상봉동 92-2 ),37.5967167,127.0890973
박물관/기념관,전기박물관,서울특별시 서초구 효령로72길 60,37.48560466,127.0280788
공연장,빈집프로젝트,서울특별시 금천구 독산로96길 6,37.47491177,126.9038834
공연장,영산양재홀,서울특별시 서초구 바우뫼로37길 45,37.48048538,127.0384175
박물관/기념관,서울암사동유적,서울특별시 강동구 올림픽로 875,37.55985381,127.1308316
기타,동작구 문화관광,서울 동작구 노량진동 47-2 ,,
기타,언더스탠드에비뉴,서울특별시 성동구 왕십리로 63,37.5436228,127.0435859
기타,서울역사편찬원,서울  송파구 방이동  88-3,37.521846,127.1242086
기타,문화비축기지,서울  마포구 성산동 661  증산로 87,37.57034561,126.8950312
도서관,강남구립도곡정보문화도서관,서울특별시 강남구 도곡로18길 57,37.48831184,127.0388787
박물관/기념관,신문박물관PRESSEUM,"서울 종로구 세종대로 152 일민미술관건물 5층, 6층",37.56986776,126.9776571
미술관,갤러리 세줄,서울  종로구 평창동 464-13 ),37.6134132,126.9751579
기타,조계사,서울특별시 종로구 우정국로 55,37.57389314,126.9818817
공연장,서울아트시네마,서울특별시 중구 정동길 3,37.56817327,126.9699761
공연장,부암아트,서울특별시 종로구 자하문로 242,37.59573627,126.9641147
공연장,세실극장,서울  중구 정동 3-7,37.5667574,126.9757243
문화예술회관,장지공방,서울특별시 송파구 충민로 10 가든파이브 툴관 3층 E30,37.47861741,127.1191082
미술관,김세중미술관,서울특별시 용산구 효창원로70길 35,37.54201785,126.9638828
미술관,Art Space Loo,서울특별시 용산구 한강대로44길 5,37.53113488,126.9705005
기타,삼각산시민청 2동,서울특별시 강북구 삼양로 595,37.65615469,127.0130917
기타,시립용산노인종합복지관,서울특별시 용산구 독서당로11길 16,37.53133868,127.006498
기타,삼청각,서울특별시 성북구 대사관로 3,37.59728217,126.9835263
공연장,밀알학교 세라믹 팔레스홀,서울시 강남구 일원로 90,37.4858171,127.0824692
기타,금나래갤러리,서울특별시 금천구 시흥대로73길 70,37.45706565,126.8960369
도서관,송파어린이도서관,서울특별시 송파구 올림픽로 105,37.51210207,127.0824292
박물관/기념관,가톨릭대학교 전례박물관,서울  종로구 혜화동 90-1 ),37.5850448,127.004623
미술관,동산방화랑,서울특별시 종로구 인사동9길 35,37.57292776,126.9833776
기타,충무로영상센터 오!재미동,서울특별시 중구 퇴계로 199,37.56117313,126.99411
기타,구의아리수문화재,서울특별시 광진구 광나루로 571 구의아리수정수센터,37.54421954,127.0929693
기타,옹기테마공원 체험장,서울특별시 중랑구 신내로21길 116,37.61264804,127.088524
기타,연희문학창작촌,서울 서대문구 증가로2길 6-7,37.57167312,126.9309538
박물관/기념관,성북선잠박물관,서울특별시 성북구 성북로 96,37.59321623,126.9982393
공연장,경향아트힐 2층 썬앤문 전용관,서울특별시 중구 정동길 3,37.5680003,126.9697239
미술관,두산갤러리,서울특별시 종로구 종로33길 15,37.57181233,127.0010001
도서관,마포구립서강도서관,서울 마포구 독막로 165,37.5477397,126.9320894
박물관/기념관,경희대학교 자연사박물관,서울특별시 동대문구 경희대로 26,37.59394914,127.054891
박물관/기념관,우면산관문사,서울특별시 서초구 바우뫼로7길 111,37.47375033,127.0222823
박물관/기념관,동덕여자대학교 박물관,서울특별시 성북구 화랑로13길 60,37.60681483,127.0411763
기타,신당창작아케이드,서울 중구 마장로 87,37.5673552,127.0195172
문화원,주한이탈리아문화원,서울특별시 용산구 한남대로 98,37.53716704,127.0055166
문화원,일본공보문화원,서울  종로구 운니동 114-8,37.5768328,126.9866725
문화원,주한중국문화원,서울특별시 종로구 사직로8길 23-1,37.57460392,126.971348
미술관,경인미술관,서울특별시 종로구 인사동10길 11,37.57428279,126.9856136
공연장,동대문 디자인 플라자,서울특별시 중구 을지로 281,37.56681313,127.0096257
공연장,CKL 스테이지,서울특별시 중구 청계천로 40,37.56852759,126.9816265
도서관,구로구립 하늘도서관,서울특별시 구로구 구로동로13길 68,37.48737567,126.8813483
도서관,구로구립궁동어린이도서관,서울특별시 구로구 오리로 1352,37.50221091,126.8292614
기타,문래예술공장,서울 영등포구 경인로88길 5-4,37.51322307,126.9001378
기타,공릉청소년문화정보센터,서울특별시 노원구 노원로1나길 10,37.6215862,127.0830657
문화원,반포잠원교육지원센터,서울특별시 서초구 사평대로 273,37.50509404,127.0133786
공연장,성암아트홀,서울  강남구 논현동 268-16,37.5110475,127.0429711
공연장,파랑새극장,서울특별시 종로구 대학로 116,37.58153269,127.0023365
미술관,관훈갤러리,서울특별시 종로구 인사동11길 11,37.57379915,126.984244
미술관,금호미술관,서울특별시 종로구 삼청로 18,37.57746671,126.9799128
도서관,정독도서관,서울  종로구 화동  북촌로5길 48,37.5810398,126.9829524
공연장,국립중앙박물관 극장 용,서울특별시 용산구 서빙고로 137,37.52470224,126.9777402
박물관/기념관,숙명여자대학교 박물관,서울특별시 용산구 청파로47길 99,37.54383249,126.9654584
박물관/기념관,이화여고 100주년기념관,서울  중구,37.5662346,126.9706692
미술관,토탈미술관,서울  종로구 평창동 465-2 ),37.6121236,126.9756892
공연장,열린극장,서울특별시 종로구 창경궁로 258-12,37.58370537,127.0003565
문화예술회관,양천문화회관,서울  양천구 신정동 322 ),37.5164888,126.8631233
도서관,강남도서관,서울 강남구 선릉로116길 45,37.5137356,127.0469916
미술관,일민미술관,서울특별시 종로구 세종대로 152,37.56986776,126.9776571
도서관,강동도서관,서울특별시 강동구 양재대로116길 57,37.53808297,127.1435009
도서관,강북문화정보도서관,서울시 강북구 오현로 145,37.6251737,127.036125
미술관,어반아트,서울시 용산구 소월로 44길 7,37.5207027,127.0230798
미술관,예맥,서울  종로구 소격동 87-1 ),37.5800043,126.9809602
공연장,김동수플레이하우스,서울  종로구 연건동 178-1 ),37.5765,127.0025375
미술관,갤러리미즈,서울특별시 종로구 삼일대로 461,37.57559548,126.985829
공연장,블루레인 라운지,서울특별시 종로구 율곡로 228,37.57579647,127.003949
미술관,아트사이드 갤러리,서울특별시 종로구 자하문로6길 15,37.57826837,126.972946
박물관/기념관,화정박물관,서울  종로구 평창동   평창8길 3,37.6046985,126.9659264
기타,노원청소년수련관,서울  노원구 상계동 772 ),37.6403878,127.0597454
공연장,동숭아트센터,서울특별시 종로구 동숭길 122,37.583699,127.0037167
박물관/기념관,이화여자대학교 자연사박물관,서울특별시 서대문구 이화여대길 52,37.56446452,126.9502888
공연장,서울시립대학교 박물관,서울  동대문구 회기동 90,37.5831425,127.0568383
도서관,노원평생학습관,서울특별시 노원구 동일로204길 13,37.63951386,127.0678213
미술관,롯데화랑(본점),서울  중구 소공동 1 ),37.5653936,126.9808087
공연장,영산아트홀,서울특별시 영등포구 여의공원로 101,37.52927196,126.9248927
미술관,소마미술관,서울특별시 송파구 위례성대로 51,37.51686487,127.1181845
공연장,강동어린이회관아이누리홀,서울특별시 강동구 성내로6길 16 (성내동),37.529163,127.122469
박물관/기념관,초전섬유 퀼트박물관,서울  중구 남산동1가 20 ),37.5580718,126.984193
박물관/기념관,지구촌 민속박물관,서울  중구 회현동1가 100-177 ),37.5545569,126.9814096
공연장,예술의 전당,서울특별시 서초구 남부순환로 2406,37.4802402,127.0142152
공연장,극단연우무대,"서울  종로구 혜화동  창경궁로35길 21, 다림빌딩 지하 연우 소극장",37.586966,127.0017811
공연장,글로브극장,"서울  종로구 연건동  대학로 60, 동마루빌딩 4층",37.5765,127.0025375
미술관,조선일보미술관,서울  중구 태평로1가 61-28 ),37.5679682,126.9751842
미술관,조형갤러리,"서울  종로구 인사동 194-27 5길 29, 태화빌딩 B1 (인사동)",37.571933,126.984788
미술관,카이스갤러리,서울특별시 강남구 언주로174길 13,37.5284647,127.0350237
공연장,백암아트홀,서울 강남구 테헤란로113길 7 백암아트센터,37.5103944,127.066052
미술관,pkm gallery,서울  종로구 화동  율곡로3길 74-9,37.5840972,126.9800724
공연장,모시는 사람들,서울  종로구 혜화동 74-38 ),37.586634,127.0004776
공연장,뮤지컬점프,서울특별시 중구 마른내로 47,37.56470562,126.9932142
공연장,모차르트홀,서울특별시 서초구 명달로 104,37.48641666,127.0045249
문화원,목동운동장,서울  양천구 목동 914  ),37.530093,126.8818961
문화원,서울월드컵경기장,서울  마포구 성산동 526-3 ),37.5682553,126.8972733
미술관,갤러리 룩스,서울특별시 종로구 필운대로7길 12,37.58159654,126.9678575
기타,문화철도 959,서울특별시 구로구 경인로 688,37.50903532,126.8911871
공연장,대한극장,서울  중구 충무로4가 125 ),37.5611944,126.9953324
미술관,표갤러리,서울특별시 종로구 자하문로5길 18-4,37.5778945,126.9708296
공연장,아리랑 씨네센터,서울특별시 성북구 아리랑로 82,37.60011909,127.0138937
미술관,덕원갤러리,서울  종로구 인사동 15  길 24 (인사동),37.5729412,126.9865174
미술관,덕수궁미술관,서울  중구 정동 5-1 ),37.5658456,126.9737396
기타,서울 애니메이션 센터,서울 중구 소공로 48,37.5585092,126.9879162
미술관,예화랑,서울 강남구 가로수길 73,37.5228454,127.0222649
박물관/기념관,육군박물관,서울 노원구 공릉동 107-51,37.62366788,127.0906071
기타,대학로연습실,서울 종로구 동숭길117 한석빌딩 1층,37.5831603,127.0034413
공연장,국립국악원,서울특별시 서초구 남부순환로 2364,37.47771881,127.0098185
공연장,국립중앙극장,서울  중구 장충동2가 14-67 ),37.5526708,126.9996175
박물관/기념관,국립서울과학관,서울  종로구 와룡동 110-360 ),37.5820426,126.9971614
박물관/기념관,서울대학교 치과대학 치의학 박물관,서울  종로구 연건동 110-749 ),37.5768763,126.9997812
공연장,금호아트홀 연세,서울 서대문구 연세로 50 연세대학교 백양누리 지하 1층 금호아트홀 연세,37.56605084,126.9439162
문화예술회관,나루아트센터,서울  광진구 자양동 227-344  ),37.5376439,127.0706037
공연장,대학로극장,서울  종로구 연건동 178-1 ),37.5765,127.0025375
미술관,갤러리원,서울특별시 강남구 압구정로71길 14,37.52751645,127.0459008
미술관,대림미술관,서울  종로구 통의동 35-1 ),37.5775335,126.9733591
미술관,아트센터 나비,서울 종로구 종로 26 SK 서린동빌딩,37.56969128,126.9803037
기타,꼬스트홀,서울  중구 명동2가 1-1 ),37.5632657,126.986736
미술관,선갤러리,서울  종로구 인사동 184 5길 8 (인사동),37.5729269,126.9856937
미술관,성곡미술관,서울  종로구 신문로2가 1-101 ),37.5732338,126.9694964
박물관/기념관,한국영화박물관,서울특별시 마포구 월드컵북로 400,37.58065618,126.8898393
박물관/기념관,세계장신구 박물관 (World Jewellery Museum),서울  종로구 화동 75-3 ),37.5809998,126.9818207
박물관/기념관,서울약령시한의약박물관,서울  동대문구 용두동 787 ),37.5777688,127.0377656
미술관,환기미술관,서울특별시 종로구 자하문로40길 63,37.59408777,126.9661137
미술관,북촌박물관,서울특별시 종로구 북촌로 39,37.58043233,126.984767
박물관/기념관,샬트르성바오로수녀회 역사박물관,서울  중구 명동2가 1-6 ),37.5624324,126.9880625
박물관/기념관,연세대학교신촌캠퍼스박물관,서울특별시 서대문구 연세로 50,37.56605084,126.9439162
박물관/기념관,숙명여자대학교 정영양자수박물관,서울특별시 용산구 청파로47길 100,37.54547408,126.9650744
박물관/기념관,백범김구기념관,서울특별시 용산구 임정로 26,37.54427794,126.959253
박물관/기념관,보나장신구박물관,서울특별시 종로구 인사동길 9,37.57167906,126.9868412
박물관/기념관,한국불교역사 문화기념관,서울특별시 종로구 우정국로 55,37.57389314,126.9818817
공연장,서울놀이마당,서울특별시 송파구 잠실로 124,37.50936664,127.0981982
박물관/기념관,상명대학교 박물관,서울  종로구 홍지동 110-743 ),37.6027666,126.9551533
공연장,서울돈화문국악당,서울  종로구 와룡동 12-2,37.57725028,126.9907307
문화원,용산문화원,서울특별시 용산구 효창원로8길 28,37.53342496,126.95186
기타,롯데월드 어드벤처,서울특별시 송파구 올림픽로 240,37.51130961,127.0981418
박물관/기념관,호림박물관,서울특별시 관악구 남부순환로152길 53,37.4808823,126.9182364
박물관/기념관,서대문형무소역사관,서울특별시 서대문구 통일로 251,37.57460851,126.9556118
공연장,명보극장,서울  중구 초동 18-5 ),37.5646356,126.99322
공연장,삼일로창고극장,서울시 중구 삼일대로9길 12,37.563469,126.9879706
미술관,인사아트프라자갤러리,서울특별시 종로구 인사동길 34-1,37.57385797,126.9856095
박물관/기념관,영인문학관,서울  종로구,37.6119654,126.9715875
공연장,샤롯데씨어터,서울특별시 송파구 올림픽로 240,37.51130961,127.0981418
공연장,강남구민회관강당,서울  강남구 대치동 509-2 ),37.4938226,127.0642688
공연장,구로구민회관 대강당,서울  구로구 구로동 102 ),37.4971237,126.8897292
박물관/기념관,명원박물관,서울특별시 성북구 정릉로9길 68,37.61093882,127.0002355
공연장,금빛공원 야외공연장,서울  금천구 독산동 371-2 ),37.4700137,126.907356
박물관/기념관,의학박물관,서울  종로구 연건동 110-744 ),37.5768763,126.9997812
공연장,소월아트홀,서울  성동구 왕십리로 281 성동문화회관,37.5593204,127.036016
박물관/기념관,생명과학박물관,서울특별시 양천구 목동동로 206-1,37.52392536,126.8720147
박물관/기념관,고려대학교 박물관,서울특별시 성북구 안암로 145,37.58870342,127.0316983
문화예술회관,강서구민회관,서울  강서구 내발산동 19-1  ),37.5533732,126.8436044
공연장,두산아트센터 space111,서울  종로구 연지동 270 ),37.571925,127.0008625
기타,아트숨비센터 ,서울특별시 은평구 은평로8길 9,37.59939709,126.9207203
기타,청춘극장,서울특별시 중구 새문안로 22,37.56712921,126.9686448
기타,무빙아트미술교육원 ,경기도 부천시 도약로 83,37.51190412,126.7587543
공연장,대안공간 ○:PEN,서울특별시 성북구 동소문로20가길 28,37.5927616,127.0179058
기타,서울풍물시장 청춘일번가,서울특별시 동대문구 천호대로4길 21,37.57271319,127.0255029
박물관/기념관,서울도시건축전시관,서울특별시 중구 세종대로 119,37.56688375,126.9767024
미술관,슈페리어갤러리,서울특별시 강남구 테헤란로 528 슈페리어타워 지하1층,37.50809527,127.062
기타,금천마을활력소 어울샘,서울특별시 금천구 탑골로 22,37.45180932,126.9116493
기타,서울생활문화센터 낙원,서울특별시 종로구 삼일대로 428,37.57276352,126.9879025
기타,플랫폼창동61,서울특별시 도봉구 마들로11길 74,37.65407759,127.0487373
도서관,구로구립 꿈마을도서관,서울특별시 구로구 디지털로27다길 65,37.48714316,126.8901547
기타,서울생활문화센터 체부,서울특별시 종로구 자하문로1나길 3-2,37.5767085,126.9714894
미술관,종로구립 고희동미술관,서울특별시 종로구 창덕궁5길 40,37.58313281,126.9889643
박물관/기념관,전태일기념관,서울특별시 종로구 청계천로 105,37.56846645,126.9893003
미술관,갤러리 구루지,서울특별시 구로구 가마산로25길 21,37.49710269,126.8895491
기타,SPACE 1257,"서울특별시 강남구 학동로 146, 와일리 타워 1층",37.51250366,127.026929
박물관/기념관,세계골프역사박물관,서울특별시 강남구 테헤란로 528 슈페리어타워 지하2층,37.50809527,127.062
미술관,경춘선숲길 갤러리,서울특별시 노원구 화랑로 608,37.62449232,127.0931031
문화예술회관,평촌아트홀,경기도 안양시 동안구 평촌대로 76,37.37998052,126.9640318
박물관/기념관,국립중앙박물관,서울특별시 용산구 서빙고로 137,37.52399999,126.9802709
박물관/기념관,서울우리소리박물관,서울특별시 종로구 율곡로 96,37.57715793,126.989622
도서관,대방어린이도서관,서울특별시 동작구 대방동길 55,37.50302549,126.9252227
기타,광진숲나루,서울 광진구 구의동 175-1,37.54727513,127.0978393
기타,북촌전통공예체험관,서울특별시 종로구 북촌로12길 24-5,37.58252379,126.9860292
박물관/기념관,함석헌기념관,서울특별시 도봉구 도봉로123길 33-6,37.65296162,127.0347964
미술관,SeMA 벙커,서울 영등포구 여의도동 2-11,37.52490456,126.9229717
박물관/기념관,다문화박물관,서울특별시 은평구 불광로 135,37.61878209,126.9325207
기타,갤러리 히든플레이스,울특별시 서대문구 대현동 53-9,37.55848121,126.9462494
기타,서울광장,서울 중구 태평로2가 17-3,37.56533387,126.9776978
기타,tbs(서울특별시미디어재단),서울특별시 마포구 매봉산로 31,37.57572697,126.8899726
미술관,장디자인아트 JeanDesignArt,서울특별시 강남구 도산대로67길 27,37.52587293,127.0442559
미술관,청화랑,서울특별시 강남구 삼성로147길 4,37.52273774,127.047651
미술관,북서울꿈의숲아트센터 드림갤러리,서울특별시 강북구 월계로 173,37.62025446,127.0443247
기타,남산 소나무 힐링숲,서울 중구 장충동2가 산 14-21,37.5511809,126.996586
도서관,국사봉숲속작은도서관,서울특별시 동작구 양녕로23길 27,37.49543351,126.9405902
미술관,서울노인복지센터(탑골미술관),서울특별시 종로구 삼일대로 467,37.57596579,126.9858533
기타,남산공원 호현당,서울 중구 회현동1가 산 1-44,37.55504848,126.9804324
미술관,호리아트스페이스,서울특별시 강남구 압구정로80길 26 3층,37.52479907,127.0446105
미술관,동작아트갤러리,서울특별시 동작구 보라매로5길 28-1,37.49379251,126.9231084
공연장,북서울꿈의숲아트센터,서울특별시 강북구 월계로 173,37.62025446,127.0443247
공연장,유니플렉스,서울특별시 종로구 대학로12길 64,37.58119758,127.0036202
기타,강남시니어플라자,서울특별시 강남구 봉은사로 332,37.50978716,127.0432183
공연장,선돌극장 (예술 공연장),서울특별시 종로구 혜화로5길 5,37.58681262,126.9997652
문화원,동작문화원,서울특별시 동작구 장승배기로10길 42,37.50444553,126.9410884
공연장,충무아트센터,서울특별시 중구 퇴계로 387,37.56594097,127.0147909
도서관,국립중앙도서관 실감서재,서울특별시 서초구 반포대로 201,37.4974226,127.0032279
도서관,구로기적의도서관,서울특별시 구로구 구로중앙로40길 24,37.50673513,126.8773759
미술관,브랜뉴디지털아트갤러리,서울특별시 서초구 강남대로69길 8,37.50183996,127.0246452
기타,오류역 문화공원,서울특별시 구로구 경인로20길 13,37.49451216,126.8455535
박물관/기념관,기생충박물관,서울특별시 강서구 화곡로 333,37.55362014,126.8507501
도서관,사당솔밭도서관,서울특별시 동작구 솔밭로 86,37.48408142,126.9673507
기타,경교장(사적 제465호),서울특별시 종로구 새문안로 29,37.56833998,126.9680343
공연장,하라스튜디오,서울특별시 금천구 가산디지털1로 181 가산w센터 B218호,37.48142499,126.8803936
기타,도봉구민청 1층 갤러리,서울특별시 도봉구 마들로 656,37.66871613,127.0471314
도서관,약수도서관,서울특별시 동작구 양녕로22바길 64,37.49788488,126.9474555
도서관,불암도서관,서울특별시 노원구 중계로8길 20,37.64536085,127.0832181
공연장,아티스탄홀,서울특별시 종로구 대학로 132,37.58309546,127.0021033
공연장,마루아트홀,서울특별시 종로구 대학로8가길 30,37.58229447,127.0025238
기타,북촌한옥역사관,서울특별시 종로구 계동4길 3,37.5823065,126.987062
기타,경의선 책거리,서울특별시 마포구 와우산로37길 35,37.55644496,126.9290211
기타,서울시청 하늘광장 갤러리,서울특별시 중구 세종대로 110,37.56672959,126.978607
미술관,상계예술마당,서울특별시 노원구 상계로10길 41-7,37.65577755,127.0683648
기타,생활문화지원센터(104예술창작소),서울특별시 노원구 중계로6나길 39 중계마을복지회관,37.64268243,127.0874226
박물관/기념관,사육신역사관,서울특별시 동작구 노량진로 191,37.51345799,126.9494111
도서관,동작샘터도서관,서울특별시 동작구 동작대로29길 63-26,37.48837476,126.9775878
기타,문화공간 정담,서울 노원구 중계동 364-4,37.65030598,127.0807655
기타,강남힐링센터(코엑스),서울특별시 강남구 테헤란로87길 46,37.51137784,127.0580407
미술관,중랑아트센터,서울특별시 중랑구 망우로 353 이노시티 C동 B2F,37.59821055,127.091519
기타,답십리영화미디어아트센터,서울특별시 동대문구 답십리로 210-9,37.57179637,127.063764
기타,서울대공원,경기 과천시 막계동 160-2,37.43643055,127.0140984
공연장,국립극장,서울특별시 중구 장충단로 59,37.55199491,126.9992673
도서관,김영삼도서관,서울특별시 동작구 매봉로 1,37.50547361,126.9499672
박물관/기념관,이한열기념관,서울특별시 마포구 신촌로12나길 26,37.55504357,126.9338654
박물관/기념관,청계천박물관 ,서울특별시 성동구 청계천로 530,37.57126617,127.0350432
문화원,성북문화원,서울특별시 성북구 성북로4길 13-8 성북문화원,37.58969266,127.0057255
공연장,음악플러스 아트홀,서울특별시 서초구 남부순환로317길 82-4 백경빌딩 B1,37.48319029,127.0107176
도서관,양천중앙도서관,서울특별시 양천구 신정로7길 81,37.51365196,126.8336297
도서관,김근태기념도서관,서울특별시 도봉구 도봉산길 14,37.68766744,127.0440199
문화예술회관,송파문화재단,서울특별시 송파구 백제고분로42길 5,37.50592943,127.1097315
기타,한국영상자료원,서울특별시 마포구 월드컵북로 400 한국영상자료원,37.58045107,126.8898935
기타,서울에너지드림센터,"서울특별시 마포구 증산로 14(상암동 1535-3, 평화의 공원 내)",37.56311306,126.8914647
미술관,구캔갤러리,서울특별시 구로구 경인로 661,37.50904922,126.8869873
공연장,금천뮤지컬센터,서울특별시 금천구 시흥대로115길 48,37.46877706,126.8944749
도서관,강남구립열린도서관,서울특별시 강남구 일원로 115 삼성생명빌딩 B동 203호,37.48413796,127.0845194
기타,맛동,서울특별시 은평구 녹번동 5-29,37.60940705,126.9349539
기타,제1서울창의예술교육센터 ,서울특별시 은평구 가좌로 208,37.58952241,126.9192655
미술관,삼원갤러리,서울특별시 광진구 천호대로 549,37.5576985,127.0792261
기타,한양도성 유적전시관,서울 중구 회현동1가 100-267,37.55390443,126.9817908
미술관,스페이스 이수 ,서울특별시 서초구 사평대로 84,37.4980221,126.9938793
기타,신도림 문화공간 다락,서울특별시 구로구 새말로 121-15,37.50786379,126.8922179
기타,감정서가 (서울예술교육센터),"서울특별시 용산구 서빙고로 17, 센트럴파크타워 1층",37.52690561,126.9665662
도서관,학마을도서관,서울특별시 도봉구 시루봉로 128,37.66215979,127.0278315
도서관,동작어린이도서관,서울특별시 동작구 장승배기로16길 98,37.50920488,126.9434323
미술관,두손 갤러리,서울특별시 중구 덕수궁길 130,37.56799609,126.9739574
기타,서울관광플라자,서울특별시 종로구 청계천로 85 ,37.56863139,126.9871504
미술관,ADM 갤러리,서울특별시 강남구 역삼로14길 20,37.49320866,127.0356382
미술관,갤러리240,서울특별시 종로구 창경궁로 240-37,37.58217664,126.998582
미술관,올리비아 박갤러리,서울특별시 강남구 삼성로 773,37.52351279,127.0474253
박물관/기념관,서울공예박물관,서울특별시 종로구 율곡로3길 4,37.57664817,126.9835334
박물관/기념관,근현대사기념관 ,서울특별시 강북구 4.19로 114,37.64344107,127.0028306
미술관,신한갤러리,서울특별시 강남구 역삼로 251,37.49863107,127.0440226
기타,종로문화재단,서울특별시 종로구 새문안로3길 3,37.57065619,126.9723943
박물관/기념관,김중업 건축문화의집,서울특별시 성북구 장위로21나길 11,37.61501747,127.0440686
문화원,드플로허,서울특별시 용산구 대사관로5길 34,37.53577818,127.0002756
도서관,개울건강도서관,서울특별시 양천구 중앙로52길 56,37.52597518,126.8566021
기타,재단법인 동작문화재단,서울특별시 동작구 흑석로 93-1,37.50749087,126.9598854
문화예술회관,강동문화재단,서울특별시 강동구 동남로 870,37.55122046,127.1573425
공연장,강남씨어터,"서울특별시 강남구 역삼로7길 16, 3층",37.49537321,127.0332838
공연장,금나래아트홀,서울 금천구 시흥동 1030,37.45715585,126.8967629
기타,서울기록원,서울특별시 은평구 통일로62길 7,37.60753303,126.9348602
기타,광화문광장,서울특별시 종로구 세종대로 172,37.57162282,126.976788
기타,성동청소년문화의집,서울 성동구 금호동3가 1266,37.5496006,127.0189934
공연장,라움아트센터,서울특별시 강남구 언주로 564,37.50839127,127.0397754
공연장,클라라 아트홀,서울특별시 서초구 남부순환로323길 53,37.48343886,127.0135484
공연장,관악아트홀,서울 관악구 신림로 3길 35,37.475437,126.941541
도서관,다울작은도서관,서울특별시 동작구 사당로20길 132,37.47888804,126.9732442
공연장,KB 청춘마루,서울특별시 마포구 홍익로 18,37.55422005,126.9230101
박물관/기념관,G밸리산업박물관,서울특별시 구로구 디지털로26길 38,37.4798477,126.8953185
기타,관악어린이창작놀이터,서울특별시 관악구 은천로10길 3,37.48587457,126.9408278
기타,무중력지대 도봉,서울특별시 도봉구 마들로11길 75,37.65315868,127.0487467
기타,씨알방학간,서울특별시 도봉구 도봉로 666,37.66400647,127.043019
공연장,크리에이터스 스페이스,서울특별시 동대문구 안암로 86-1,37.58348609,127.0305032
공연장,서울마포음악창작소,서울특별시 마포구 마포대로 지하 238,37.55506905,126.9575349
문화예술회관,관악문화재단,서울특별시 관악구 신림로3길 35,37.46759765,126.9448709
공연장,광진어린이공연장,서울특별시 광진구 능동로 400,37.56501095,127.0845968
도서관,까망돌도서관,서울특별시 동작구 서달로 129,37.50512021,126.960611
기타,도봉문화재단,서울특별시 도봉구 노해로63길 43,37.65271007,127.0439417
박물관/기념관,둘리뮤지엄,서울 도봉구 쌍문동 산 250,37.65217322,127.0245302
기타,서울새활용플라자,서울특별시 성동구 자동차시장길 49,37.55868506,127.0578512
미술관,인사1010 갤러리,서울특별시 종로구 인사동10길 10,37.57398304,126.9856431
기타,신림다목적체육센터,서울특별시 관악구 난곡로58길 13,37.48007066,126.916032
도서관,서초구립양재도서관,서울특별시 서초구 양재천로 33,37.47367918,127.0335724
기타,한식문화공간 이음,서울특별시 종로구 북촌로 18,37.57841064,126.9858387
기타,만천명월예술인家,서울특별시 금천구 은행나무로 44,37.45069768,126.9074454
도서관,도봉아이나라도서관,서울특별시 도봉구 노해로69길 151,37.6590571,127.049575
미술관,종로구립 박노수미술관,서울특별시 종로구 옥인1길 34,37.5813192,126.9668185
도서관,소나무언덕4호작은도서관,서울특별시 송파구 송이로 34,37.50221317,127.1168436
미술관,케이움 갤러리 ,서울특별시 송파구 동남로4길 13,37.48901437,127.1244776
문화예술회관,문화실험공간 호수 ,서울특별시 송파구 송파나루길 256,37.510318,127.1010923
공연장,종로 아이들극장,서울특별시 종로구 성균관로 91,37.59046055,126.9987986
기타,서울아트책보고,서울특별시 구로구 경인로 430,37.49821257,126.8670887
도서관,송파위례도서관,서울특별시 송파구 위례광장로 210,37.48116566,127.1439378
공연장,동방뮤지컬컴퍼니,서울특별시 종로구 대학로11길 41-8,37.58217142,126.9993592
공연장,서울어린이대공원 열린무대,서울특별시 광진구 능동로 216,37.54896979,127.077766
미술관,세종뮤지엄갤러리,서울특별시 광진구 능동로 209,37.55079808,127.0745756
기타,구립영등포아트스퀘어 ,서울특별시 영등포구 영중로 15,37.51723326,126.903716
도서관,한국점자도서관,서울특별시 강동구 상암로4가길 32,37.55073399,127.1248583
미술관,YK Presents,서울특별시 중구 을지로43길 13,37.56689793,127.0068075
도서관,청운문학도서관,서울특별시 종로구 자하문로36길 40,37.5903786,126.9659189
도서관,느티나무어린이도서관,서울특별시 중구 다산로 75,37.55128171,127.0076057
공연장,오류아트홀,서울특별시 구로구 경인로20가길 38,37.49535812,126.8460358
도서관,강남구립개포하늘꿈도서관,서울특별시 강남구 개포로110길 54,37.49066929,127.0803569
도서관,미감도서관,서울특별시 양천구 목동중앙남로 57-10,37.5389695,126.8654889
박물관/기념관,세종대학교 박물관,서울특별시 광진구 능동로21길 37,37.55225381,127.0747332
기타,중랑장미공원,서울 중랑구 묵동 375,37.61552904,127.0732707
미술관,서울시립 미술아카이브,서울특별시 종로구 평창문화로 101,37.60802938,126.9721142
미술관,마포중앙도서관 갤러리,서울특별시 마포구 성산로 128,37.56379544,126.9082019
박물관/기념관,삼성출판박물관,서울특별시 종로구 비봉길 2-2,37.60869773,126.9570761
도서관,서초구립잠원도서관,서울특별시 서초구 나루터로 38,37.51496808,127.0139821
도서관,구의제3동도서관,서울특별시 광진구 강변역로 17,37.53799342,127.0919847
공연장,정효아트홀,서울특별시 서초구 사임당로18길 52-2,37.4875493,127.0196258
공연장,예빛섬,서울특별시 서초구 올림픽대로 2085-14,37.5124362,126.9959623
미술관,세종아트갤러리,서울특별시 광진구 능동로 209,37.55160931,127.0731836
도서관,구로도서관,서울특별시 구로구 공원로 15,37.49865742,126.8915436
기타,은평구평생학습관,서울특별시 은평구 서오릉로 87 은평구평생학습관,37.6078004,126.9211898
미술관,임수빈갤러리,서울특별시 용산구 두텁바위로37길 25,37.54782456,126.9804735
공연장,에스제이비보이즈,서울특별시 마포구 와우산로 121,37.55350885,126.926757
도서관,구립응암정보도서관,서울특별시 은평구 응암동 가좌로 179(응암동747-1) 성지빌딩 2층 및 3층,37.58596656,126.9196821
미술관,갤러리광화,서울특별시 종로구 새문안로 103,37.57052933,126.9760891
공연장,서울어린이대공원 숲속의무대,서울특별시 광진구 능동로 216,37.54885118,127.0799839
기타,콘래드 서울 호텔,서울특별시 영등포구 국제금융로 10,37.52517752,126.9248767
도서관,금천구립시흥도서관,서울특별시 금천구 금하로 764,37.44963195,126.9146119
도서관,자양한강도서관,서울특별시 광진구 뚝섬로52길 66,37.52921552,127.077668
도서관,소나무언덕2호도서관,서울특별시 송파구 석촌호수로 155,37.50726531,127.0942173
도서관,소나무언덕잠실본동도서관,서울특별시 송파구 탄천동로 205,37.50307882,127.0768971
미술관,갤러리 인덱스,서울특별시 종로구 인사동길 45,37.57419669,126.9844305
미술관,공근혜갤러리 K.O.N.G. GALLERY,서울특별시 종로구 삼청로7길 38,37.5840296,126.9796748
미술관,백남준기념관,서울특별시 종로구 종로53길 12-1,37.57306562,127.0137755
공연장,IPAC아트홀,서울특별시 서초구 서초중앙로 56,37.48689948,127.0154594
기타,북서울꿈의숲,서울특별시 강북구 월계로 173,37.62025446,127.0443247
도서관,원당마을한옥도서관,서울특별시 도봉구 해등로32가길 17,37.66029179,127.0217983
도서관,군자동도서관,서울특별시 광진구 면목로 13 군자동복합청사 1층,37.55548521,127.0753494
박물관/기념관,경희대학교 중앙박물관,서울특별시 동대문구 경희대로 26,37.59394914,127.054891
문화원,이스라엘문화원,서울특별시 서초구 서초대로74길 23,37.49561193,127.027091
도서관,아차산숲속도서관,서울특별시 광진구 영화사로 139,37.552474,127.1008158
공연장,블루스퀘어,서울특별시 용산구 이태원로 294,37.54086944,127.0024853
박물관/기념관,백인제가옥,서울특별시 종로구 북촌로7길 16,37.58044504,126.9840929
박물관/기념관,가회민화박물관,서울특별시 종로구 북촌로 52,37.58150935,126.9852292
기타,서울시농수산식품공사 가락몰 쿠킹스튜디오,서울특별시 송파구 양재대로 932,37.49507692,127.11557
기타,앤스 갤러리 카페(Ns Cafe),서울특별시 서초구 방배선행길 12,37.47352526,126.9838121
기타,서울예술교육센터,"서울특별시 용산구 서빙고로 17 업무동 1층, 공공시설동 5-6층",37.52637555,126.9665363
미술관,서울대학교 미술관,서울특별시 관악구 관악로 1,37.46628727,126.9481564
공연장,신촌문화발전소,서울특별시 서대문구 연세로2나길 57,37.55796298,126.9397551
도서관,소나무언덕1호작은도서관,서울특별시 송파구 올림픽로47길 9,37.52741656,127.1180405
문화예술회관,공간 630,서울특별시 마포구 양화로6길 50,37.54866105,126.91699
공연장,유니버설아트센터,서울특별시 광진구 천호대로 664,37.5509798,127.0870952
기타,서울시립청소년미디어센터,서울특별시 용산구 한강대로 255,37.54099983,126.9726644
기타,청춘삘딩,서울특별시 금천구 시흥대로138길 10-11,37.47216698,126.8992841
기타,N서울타워,서울특별시 용산구 남산공원길 105,37.55112257,126.9878678
기타,상촌재,서울특별시 종로구 자하문로17길 12-11,37.5818557,126.9696776
문화예술회관,싱글벙글교육센터,서울특별시 관악구 남부순환로234길 73,37.47609625,126.9562881
기타,서울생활문화센터 신도림,서울특별시 구로구 새말로 지하 117-21,37.50877014,126.8910805
도서관,송파어린이영어도서관,서울시 송파구 오금로1 (신천동) 신천빗물펌프장 4~5층,37.52238974,127.1021278
도서관,돌마리도서관,서울특별시 송파구 백제고분로37길 16,37.5035629,127.1036842
공연장,단막극장,서울특별시 종로구 동숭4길 16-3,37.58331803,127.0045779
공연장,서울시립교향악단,서울특별시 종로구 세종대로 175,37.57184786,126.9761683
기타,성수 산업혁신공간,서울특별시 성동구 아차산로47 성수 산업혁신공간 1층 Fashion Zone,37.54662696,127.0496348
공연장,꿈의숲아트센터 퍼포먼스홀,서울 강북구 월계로 173,37.621716,127.03828
미술관,CN갤러리 (충남문화예술 서울전시장),서울특별시 종로구 북촌로5길 56-7 CN갤러리(정독도서관 앞),37.58003892,126.9819459
공연장,삼각산시민청 1동,서울특별시 도봉구 삼양로 592,37.65589083,127.0135632
기타,총신대학교 백남조 기념홀,서울특별시 동작구 사당로 143,37.48985783,126.9665639
공연장,JCC 아트센터,서울특별시 종로구 창경궁로35길 29,37.58718318,127.0018857
도서관,어린이청소년 국학도서관,서울특별시 종로구 명륜길 26,37.58868588,126.9955402
문화원,송파문화원,서울특별시 송파구 올림픽로 44,37.51068239,127.0759368
공연장,해바라기 소극장,서울특별시 종로구 동숭길 76,37.58164282,127.0043741
기타,엑셈,서울특별시 강서구 마곡중앙8로5길 40,37.56451683,126.8382003
기타,표현하다 스튜디오,서울특별시 동작구 사당로17길 83,37.48643649,126.9719953
기타,서울로미디어캔버스,서울특별시 중구 만리재로 215,37.55659104,126.9682176
공연장,용암어린이영어도서관,서울특별시 용산구 신흥로3가길 21-7,37.54101948,126.9846906
박물관/기념관,짚풀생활사박물관,서울특별시 종로구 성균관로4길 45,37.58490585,126.9998429
공연장,서울성북미디어문화마루 꿈빛극장,서울특별시 성북구 길음로7길 20,37.60375521,127.0222037
미술관,삼각산금암미술관,서울 은평구 진관길 21-2 삼각산금암미술관,37.64162803,126.9409111
박물관/기념관,돈의문박물관마을,서울특별시 종로구 송월길 14-3,37.56882395,126.9685231
도서관,이진아기념도서관,서울특별시 서대문구 독립문공원길 80,37.57295426,126.955549
박물관/기념관,홍익대학교 박물관,서울특별시 마포구 와우산로 94,37.55251925,126.9249906
문화예술회관,청년예술청 SAPY,서울특별시 서대문구 경기대로 26-26,37.56102262,126.9621924
기타,서울디자인창업센터, 서울특별시 마포구 신촌로2길 19 (홍대입구역 7번 출구),37.55708693,126.9274128
문화예술회관,돌곶이생활예술문화센터,서울특별시 성북구 화랑로32길 100-1,37.60626941,127.058753
박물관/기념관, 황학정 국궁전시관,서울특별시 종로구 사직로9길 15-32,37.57791836,126.9639458
공연장,아르코예술극장,서울특별시 종로구 대학로8길 7,37.58118552,127.0029999
박물관/기념관,우정총국,서울특별시 종로구 우정국로 59,37.57442907,126.9826145
기타,창신소통공작소,서울특별시 종로구 창신6가길 47,37.57620547,127.0123954
공연장,연세대학교,서울특별시 서대문구 연세로 50,37.56605084,126.9439162
기타,원당샘공원,서울 도봉구 해등로32가길 16 원당경로당,37.66029179,127.0222644
미술관,수림큐브,서울특별시 종로구 돈화문로 84,37.57594087,126.9907502
도서관,고덕평생학습관,서울특별시 강동구 고덕로 295,37.55612041,127.1580394
미술관,시그니처 키친 스위트 청담,서울특별시 강남구 압구정로60길 13,37.52633827,127.0421284
도서관,중곡문화체육센터도서관,서울특별시 광진구 능동로 433,37.5677792,127.0848024
미술관,KP Gallery,서울특별시 용산구 소월로2나길 12,37.55333558,126.9773069
공연장,대학로극장 쿼드,서울특별시 종로구 동숭길 122,37.583699,127.0037167
기타,서울숲 생활문화센터,서울 성동구 성수동1가 685-63,37.54962783,127.0414565
기타,대한성공회 서울주교좌성당,서울특별시 중구 세종대로21길 15,37.56751002,126.9753337
공연장,서울숲야외무대,서울특별시 성동구 뚝섬로 273,37.54307015,127.0417991
기타,청계광장,서울 중구 태평로1가 1,37.56901568,126.9775876
문화원,무계원,서울 종로구 창의문로5가길 2,37.5918679,126.9634368
문화원,금천문화원,서울특별시 금천구 시흥대로38길 61,37.44639673,126.9044447
기타,목동종합운동장실내아이스링크,서울특별시 양천구 안양천로 939,37.53072795,126.8792335
도서관,강서도서관,서울특별시 강서구 등촌로51나길 29,37.54790302,126.8599277
도서관,송파글마루도서관,서울특별시 송파구 충민로 120,37.48083422,127.1304779
도서관,영등포평생학습관,서울특별시 영등포구 국회대로53길 20,37.52700691,126.9077034
박물관/기념관,서소문성지 역사박물관,서울특별시 중구 칠패로 5,37.56056785,126.9688672
미술관,갤러리 조은,서울특별시 용산구 이태원로55가길 3,37.5380323,127.0007426
도서관,중랑상봉도서관,서울특별시 중랑구 동일로114길 10,37.59289195,127.0808518